model,requestedModel,responseModel,variant,scenario,session,position,userTurn,providerCallIndex,rawFirst60,assignedTag,wellFormed,canonicalPrefix,correct,delta,malformed,misplaced,byteIdentity,toolOnly,tagOnlyText
"deepseek-flash","deepseek-flash","deepseek-flash","A","reduced","ses_f0d195cb8ffebp1ygdGT8mjsmo","1","1","1","Apples: 3, pears: 4, total: 7.","2","false","false","false","","false","false","false","false","false"
"deepseek-flash","deepseek-flash","deepseek-flash","A","reduced","ses_f0d195cb8ffebp1ygdGT8mjsmo","2","2","2","3 plus 4 equals 7.","4","false","false","false","","false","false","false","false","false"
"deepseek-flash","deepseek-flash","deepseek-flash","A","reduced","ses_f0d195cb8ffebp1ygdGT8mjsmo","3","3","3","I'll start by reading the fixture and listing the directory ","6","false","false","false","","false","false","false","false","false"
"deepseek-flash","deepseek-flash","deepseek-flash","A","reduced","ses_f0d195cb8ffebp1ygdGT8mjsmo","4","3","4","§9§ Now the echo step:","9","true","true","true","0","false","false","true","false","false"
"deepseek-flash","deepseek-flash","deepseek-flash","A","reduced","ses_f0d195cb8ffebp1ygdGT8mjsmo","5","3","5","","","false","false","","","false","false","true","true","false"
"deepseek-flash","deepseek-flash","deepseek-flash","A","reduced","ses_f0d195cb8ffebp1ygdGT8mjsmo","6","3","6","§12§ The fixture reports apples=3 and pears=4, and since 3 +","12","true","true","true","0","false","false","true","false","false"
"deepseek-flash","deepseek-flash","deepseek-flash","A","reduced","ses_f0d195cb8ffebp1ygdGT8mjsmo","7","3","7","I completed the turn: read fixture.txt and listed the direct","14","false","false","false","","false","false","false","false","false"
"deepseek-flash","deepseek-flash","deepseek-flash","A","reduced","ses_f0d195cb8ffebp1ygdGT8mjsmo","8","4","8","§16§ 3 plus 4 equals 7, which matches the total in fixture.t","16","true","true","true","0","false","false","true","false","false"
"deepseek-flash","deepseek-flash","deepseek-flash","A","reduced","ses_f0d195cb8ffebp1ygdGT8mjsmo","9","5","9","§18§ The fixture has 3 apples and 4 pears, giving a total of","18","true","true","true","0","false","false","true","false","false"
"deepseek-flash","deepseek-flash","deepseek-flash","A","reduced","ses_f0d195cb8ffebp1ygdGT8mjsmo","10","6","10","§20§ 3 plus 4 equals 7.","20","true","true","true","0","false","false","true","false","false"
"deepseek-flash","deepseek-flash","deepseek-flash","A","reduced","ses_f0d195cb8ffebp1ygdGT8mjsmo","11","7","11","§22§ With 3 apples and 4 pears, the total is 7.","22","true","true","true","0","false","false","true","false","false"
"deepseek-flash","deepseek-flash","deepseek-flash","A","reduced","ses_f0d195cb8ffebp1ygdGT8mjsmo","12","8","12","I'll read the fixture and list the directory in parallel fir","24","false","false","false","","false","false","false","false","false"
"deepseek-flash","deepseek-flash","deepseek-flash","A","reduced","ses_f0d195cb8ffebp1ygdGT8mjsmo","13","8","13","§27§ Now echoing the total:","27","true","true","true","0","false","false","true","false","false"
"deepseek-flash","deepseek-flash","deepseek-flash","A","reduced","ses_f0d195cb8ffebp1ygdGT8mjsmo","14","8","14","","","false","false","","","false","false","true","true","false"
"deepseek-flash","deepseek-flash","deepseek-flash","A","reduced","ses_f0d195cb8ffebp1ygdGT8mjsmo","15","8","15","§30§ The fixture lists apples=3 and pears=4, and since 3 + 4","30","true","true","true","0","false","false","true","false","false"
"deepseek-flash","deepseek-flash","deepseek-flash","A","reduced","ses_f0d195cb8ffebp1ygdGT8mjsmo","16","8","16","§32§ Turn 8 complete: read fixture.txt and listed the direct","32","true","true","true","0","false","false","true","false","false"
"deepseek-flash","deepseek-flash","deepseek-flash","A","reduced","ses_f0d195cb8ffebp1ygdGT8mjsmo","17","9","17","§34§ The fixture contains 3 apples and 4 pears for a total o","34","true","true","true","0","false","false","true","false","false"
"deepseek-flash","deepseek-flash","deepseek-flash","A","reduced","ses_f0d195cb8ffebp1ygdGT8mjsmo","18","10","18","","","false","false","","","false","false","true","true","false"
"deepseek-flash","deepseek-flash","deepseek-flash","A","reduced","ses_f0d195cb8ffebp1ygdGT8mjsmo","19","10","19","§37§ Queued the drop for §28. Without rereading: the fixture","37","true","true","true","0","true","true","false","false","false"
"deepseek-flash","deepseek-flash","deepseek-flash","A","reduced","ses_f0d195cb8ffebp1ygdGT8mjsmo","20","11","20","","","false","false","","","false","false","true","true","false"
"deepseek-flash","deepseek-flash","deepseek-flash","A","reduced","ses_f0d195cb8ffebp1ygdGT8mjsmo","21","11","21","§40§ The fixture reports apples=3 and pears=4, giving a tota","40","true","true","true","0","false","false","true","false","false"
"deepseek-flash","deepseek-flash","deepseek-flash","A","reduced","ses_f0d195cb8ffebp1ygdGT8mjsmo","22","12","22","§42§ 3 plus 4 equals 7, which is the total the fixture repor","42","true","true","true","0","false","false","true","false","false"
"deepseek-flash","deepseek-flash","deepseek-flash","A","reduced","ses_f0d195cb8ffebp1ygdGT8mjsmo","23","13","23","§44§ The fixture has 3 apples and 4 pears, totaling 7.","44","true","true","true","0","false","false","true","false","false"
"deepseek-flash","deepseek-flash","deepseek-flash","A","reduced","ses_f0d195cb8ffebp1ygdGT8mjsmo","24","14","24","§46§ 3 plus 4 equals 7.","46","true","true","true","0","false","false","true","false","false"
"deepseek-flash","deepseek-flash","deepseek-flash","A","reduced","ses_f0d195cb8ffebp1ygdGT8mjsmo","25","15","25","§48§ With 3 apples and 4 pears, the total is 7.","48","true","true","true","0","false","false","true","false","false"
"deepseek-flash","deepseek-flash","deepseek-flash","A","reduced","ses_f0d195cb8ffebp1ygdGT8mjsmo","26","16","26","§50§ 3 plus 4 equals 7.","50","true","true","true","0","false","false","true","false","false"
"deepseek-flash","deepseek-flash","deepseek-flash","A","reduced","ses_f0d195cb8ffebp1ygdGT8mjsmo","27","17","27","","","false","false","","","false","false","true","true","false"
"deepseek-flash","deepseek-flash","deepseek-flash","A","reduced","ses_f0d195cb8ffebp1ygdGT8mjsmo","28","17","28","§54§ The fixture contains 3 apples and 4 pears, for a total ","54","true","true","true","0","false","false","true","false","false"
"deepseek-flash","deepseek-flash","deepseek-flash","A","reduced","ses_f0d195cb8ffebp1ygdGT8mjsmo","29","18","29","§56§ 3 plus 4 equals 7.","56","true","true","true","0","false","false","true","false","false"
"deepseek-flash","deepseek-flash","deepseek-flash","B","reduced","ses_f0d0ceb8affersrAuCX1brRsg2","1","1","30","§2§ Apples are 3, pears are 4, giving a total of 7.","2","true","true","true","0","false","false","true","false","false"
"deepseek-flash","deepseek-flash","deepseek-flash","B","reduced","ses_f0d0ceb8affersrAuCX1brRsg2","2","2","31","§4§ 3 plus 4 equals 7.","4","true","true","true","0","false","false","true","false","false"
"deepseek-flash","deepseek-flash","deepseek-flash","B","reduced","ses_f0d0ceb8affersrAuCX1brRsg2","3","3","32","I'll read the fixture and list the directory in parallel, th","6","false","false","false","","false","false","false","false","false"
"deepseek-flash","deepseek-flash","deepseek-flash","B","reduced","ses_f0d0ceb8affersrAuCX1brRsg2","4","3","33","§9§ Now echoing the total and reading once more to explain i","9","true","true","true","0","false","false","true","false","false"
"deepseek-flash","deepseek-flash","deepseek-flash","B","reduced","ses_f0d0ceb8affersrAuCX1brRsg2","5","3","34","§12§ Done: fixture.txt contains apples=3 and pears=4, so the","12","true","true","true","0","false","false","true","false","false"
"deepseek-flash","deepseek-flash","deepseek-flash","B","reduced","ses_f0d0ceb8affersrAuCX1brRsg2","6","4","35","§14§ 3 plus 4 equals 7.","14","true","true","true","0","false","false","true","false","false"
"deepseek-flash","deepseek-flash","deepseek-flash","B","reduced","ses_f0d0ceb8affersrAuCX1brRsg2","7","5","36","§16§ Apples are 3, pears are 4, giving a total of 7.","16","true","true","true","0","false","false","true","false","false"
"deepseek-flash","deepseek-flash","deepseek-flash","B","reduced","ses_f0d0ceb8affersrAuCX1brRsg2","8","6","37","§18§ 3 plus 4 equals 7.","18","true","true","true","0","false","false","true","false","false"
"deepseek-flash","deepseek-flash","deepseek-flash","B","reduced","ses_f0d0ceb8affersrAuCX1brRsg2","9","7","38","§20§ Apples are 3, pears are 4, giving a total of 7.","20","true","true","true","0","false","false","true","false","false"
"deepseek-flash","deepseek-flash","deepseek-flash","B","reduced","ses_f0d0ceb8affersrAuCX1brRsg2","10","8","39","§22§ Reading the fixture and listing the directory in parall","22","true","true","true","0","false","false","true","false","false"
"deepseek-flash","deepseek-flash","deepseek-flash","B","reduced","ses_f0d0ceb8affersrAuCX1brRsg2","11","8","40","§25§ Now echoing the total and re-reading to explain it.","25","true","true","true","0","false","false","true","false","false"
"deepseek-flash","deepseek-flash","deepseek-flash","B","reduced","ses_f0d0ceb8affersrAuCX1brRsg2","12","8","41","§28§ Done: fixture.txt lists apples=3 and pears=4, so the to","28","true","true","true","0","false","false","true","false","false"
"deepseek-flash","deepseek-flash","deepseek-flash","B","reduced","ses_f0d0ceb8affersrAuCX1brRsg2","13","9","42","§30§ Apples are 3, pears are 4, giving a total of 7.","30","true","true","true","0","false","false","true","false","false"
"deepseek-flash","deepseek-flash","deepseek-flash","B","reduced","ses_f0d0ceb8affersrAuCX1brRsg2","14","10","43","","","false","false","","","false","false","true","true","false"
"deepseek-flash","deepseek-flash","deepseek-flash","B","reduced","ses_f0d0ceb8affersrAuCX1brRsg2","15","10","44","§33§ Queued the drop for §24 (held until newer work displace","33","true","true","true","0","true","true","false","false","false"
"deepseek-flash","deepseek-flash","deepseek-flash","B","reduced","ses_f0d0ceb8affersrAuCX1brRsg2","16","11","45","","","false","false","","","false","false","true","true","false"
"deepseek-flash","deepseek-flash","deepseek-flash","B","reduced","ses_f0d0ceb8affersrAuCX1brRsg2","17","11","46","§36§ Apples are 3, pears are 4, giving a total of 7.","36","true","true","true","0","false","false","true","false","false"
"deepseek-flash","deepseek-flash","deepseek-flash","B","reduced","ses_f0d0ceb8affersrAuCX1brRsg2","18","12","47","","","false","false","","","false","false","true","true","false"
"deepseek-flash","deepseek-flash","deepseek-flash","B","reduced","ses_f0d0ceb8affersrAuCX1brRsg2","19","12","48","§39§ Done — queued the drop for the earlier fixture output. ","39","true","true","true","0","false","false","true","false","false"
"deepseek-flash","deepseek-flash","deepseek-flash","B","reduced","ses_f0d0ceb8affersrAuCX1brRsg2","20","13","49","§41§ Apples are 3, pears are 4, giving a total of 7.","41","true","true","true","0","false","false","true","false","false"
"deepseek-flash","deepseek-flash","deepseek-flash","B","reduced","ses_f0d0ceb8affersrAuCX1brRsg2","21","14","50","§43§ 3 plus 4 equals 7.","43","true","true","true","0","false","false","true","false","false"
"deepseek-flash","deepseek-flash","deepseek-flash","B","reduced","ses_f0d0ceb8affersrAuCX1brRsg2","22","15","51","§45§ Apples are 3, pears are 4, giving a total of 7.","45","true","true","true","0","false","false","true","false","false"
"deepseek-flash","deepseek-flash","deepseek-flash","B","reduced","ses_f0d0ceb8affersrAuCX1brRsg2","23","16","52","§47§ 3 plus 4 equals 7.","47","true","true","true","0","false","false","true","false","false"
"deepseek-flash","deepseek-flash","deepseek-flash","B","reduced","ses_f0d0ceb8affersrAuCX1brRsg2","24","17","53","","","false","false","","","false","false","true","true","false"
"deepseek-flash","deepseek-flash","deepseek-flash","B","reduced","ses_f0d0ceb8affersrAuCX1brRsg2","25","17","54","§51§ Done — queued the drop for the earlier directory-listin","51","true","true","true","0","false","false","true","false","false"
"deepseek-flash","deepseek-flash","deepseek-flash","B","reduced","ses_f0d0ceb8affersrAuCX1brRsg2","26","18","55","§53§ 3 plus 4 equals 7.","53","true","true","true","0","false","false","true","false","false"
